{
    "total_rows": 1501,
    "mean": 0.49700193334951764,
    "median": 0.4863799481377267,
    "std": 0.14646225478894592,
    "min": 0.1215581368846201,
    "max": 0.9870140647688136,
    "q25": 0.3874918131414894,
    "q75": 0.5868091850676374,
    "below_0_2": 35,
    "above_0_8": 47
}